Publish Date,Title,Primary Keyword,Intent,CTA
2026-03-03,Shopify品牌出海完整指南（2026）,shopify 品牌 出海,TOFU,预约30分钟策略会
2026-03-06,Shopify Payments 与第三方支付怎么选,shopify payments 中国,MOFU,获取支付配置清单
2026-03-10,Dawn主题与付费主题选型框架,dawn 主题 评测,MOFU,下载主题选型表
2026-03-13,7天上线首版Shopify站点SOP,shopify 建站 SOP,BOFU,咨询Starter Launch
2026-03-17,美国市场物流配置实操,shopify 美国 物流,MOFU,下载物流配置模板
2026-03-20,US/UK/EU税费设置避坑,shopify 税费 设置,MOFU,领取税务检查清单
2026-03-24,结账页转化率优化10点,shopify checkout 转化率,BOFU,申请CRO诊断
2026-03-27,购物车挽回邮件自动化流程,shopify abandoned cart 邮件,BOFU,咨询Growth Retainer
2026-03-31,Klaviyo vs Omnisend 对比,shopify 邮件工具 对比,MOFU,获取工具选型建议
2026-04-03,多语言本地化实战,shopify 多语言 本地化,MOFU,下载本地化清单
2026-04-07,高转化PDP页面结构,shopify 产品页 模板,BOFU,领取PDP模板
2026-04-10,信任元素如何提升下单率,shopify trust badges 转化,BOFU,申请首页审计
2026-04-14,Shopify B2B模式入门,shopify b2b 指南,TOFU,预约B2B评估会
2026-04-17,批发定价与客户分层策略,shopify 批发 定价,MOFU,领取价格策略模板
2026-04-21,GA4与Meta Pixel埋点全流程,shopify ga4 pixel,MOFU,下载埋点检查表
2026-04-24,首月广告投放预算框架,shopify 广告 预算,BOFU,咨询增长方案
2026-04-28,Collection页SEO结构设计,shopify collection seo,MOFU,获取SEO结构模板
2026-05-01,Shopify博客关键词集群打法,shopify 博客 seo,MOFU,领取关键词库模板
2026-05-05,Bundle策略提升AOV,shopify bundle 提升客单价,BOFU,申请AOV优化建议
2026-05-08,订阅制商品适配与落地,shopify subscription app,MOFU,咨询订阅化改造
2026-05-12,留存指标体系怎么搭,shopify retention metrics,MOFU,下载留存看板模板
2026-05-15,大促前站点性能优化清单,shopify 性能 优化,BOFU,领取大促预检清单
2026-05-19,何时升级Shopify Plus,shopify plus 升级 条件,BOFU,预约Plus评估
2026-05-22,90天增长复盘模板,shopify 增长 复盘,BOFU,获取复盘模板
