Day,Date,PublishTimePT,ContentPillar,Title,Hook,AssetType,LandingPage,UTMUrl,CTA,Status
1,,,案例拆解,,,,,,
2,,,避坑清单,,,,,,
3,,,工具教程,,,,,,
4,,,转化优化,,,,,,
5,,,报价与服务,,,,,,
6,,,客户问答,,,,,,
7,,,案例拆解,,,,,,
8,,,避坑清单,,,,,,
9,,,工具教程,,,,,,
10,,,转化优化,,,,,,
11,,,报价与服务,,,,,,
12,,,客户问答,,,,,,
13,,,案例拆解,,,,,,
14,,,避坑清单,,,,,,
15,,,工具教程,,,,,,
16,,,转化优化,,,,,,
17,,,报价与服务,,,,,,
18,,,客户问答,,,,,,
19,,,案例拆解,,,,,,
20,,,避坑清单,,,,,,
21,,,工具教程,,,,,,
22,,,转化优化,,,,,,
23,,,报价与服务,,,,,,
24,,,客户问答,,,,,,
25,,,案例拆解,,,,,,
26,,,避坑清单,,,,,,
27,,,工具教程,,,,,,
28,,,转化优化,,,,,,
29,,,报价与服务,,,,,,
30,,,客户问答,,,,,,
